PoreSize,Day,Replicate,PoreID,CellCount,EdgeCount,PoreArea,S1_Density,S4_EdgeDensity,S2_Coverage,S3_Circularity
300,4,1,1,4,3,88742.5748395545,4.50741936126144e-05,0.00168656939020343,0.0200440286689795,0.263609438877645
300,4,1,2,6,6,89594.181720269,6.69686344000909e-05,0.00188553065366372,0.0355182617584826,0.321714495564611
300,4,1,3,6,5,96639.3578036714,6.20865052951755e-05,0.00115461930913461,0.0461435654643513,0.292411832377008
300,4,1,4,8,8,91662.7324981295,8.72764730220458e-05,0.00112268128008146,0.0787362847347227,0.177774108407564
300,4,1,5,7,4,95661.2334347763,7.31748875553934e-05,0.00112095619146852,0.0373022797665676,0.2725183256627
300,4,1,6,10,6,91444.7284474685,0.000109355674950083,0.00140876493396513,0.0689938129311073,0.252431430253621
300,4,1,7,14,14,93456.2143550582,0.000149802772310157,0.0029580608017147,0.0521317951581816,0.203457306734509
300,4,1,8,2,2,90578.6015018986,2.20802702496801e-05,0.0012914294334113,0.0176490766295466,0.161408804505891
300,4,1,9,6,5,89830.8689313034,6.67921848177645e-05,0.00126840977528136,0.0457084596481948,0.333455633913116
300,4,1,10,8,7,92958.3690544568,8.60600296818186e-05,0.00246123120365448,0.0314398221727042,0.21324845173274
300,4,1,11,3,2,94061.0816721461,3.18941686260491e-05,0.00179519519854075,0.0118453508644094,0.240007150995634
300,4,1,12,11,8,97016.6764120814,0.000113382568923276,0.00214551295881369,0.0463628628214802,0.205259368439805
300,4,2,1,6,4,83741.0027288317,7.16494883567261e-05,0.00106259942525256,0.0566824053797783,0.295238926921321
300,4,2,2,5,3,89283.709588581,5.60012573742733e-05,0.000636478056210496,0.0568050903838827,0.272226489145443
300,4,2,3,13,13,90388.7580205273,0.000143823195325327,0.00450253851240591,0.0340321370317281,0.308381103328272
300,4,2,4,10,8,93533.8255690989,0.000106913193586981,0.00240154530998801,0.0477147342161315,0.31258592723509
300,4,2,5,9,9,89393.9808921824,0.000100677919365229,0.00185605557759132,0.0548722101884277,0.488799886898443
300,4,2,6,8,8,95716.8115323822,8.35798839506213e-05,0.00224811667479246,0.0371798557487792,0.405156739504323
300,4,2,7,5,5,90167.3015627422,5.54524746037874e-05,0.00200497498434387,0.0276608179890474,0.337696389901071
300,4,2,8,9,6,92769.3387875015,9.701481241141e-05,0.0021991299865494,0.0366985430692631,0.319322325770382
300,4,2,9,6,4,81729.5160581659,7.34128903409862e-05,0.0023874999086296,0.0205004795579121,0.322917951907734
300,4,2,10,11,10,94608.6153928746,0.000116268480986864,0.00228592185388601,0.0465297983250818,0.358607586916575
300,4,2,11,4,2,87260.8505551129,4.58395715209497e-05,0.000923218853817397,0.0277129056544057,0.267634697480526
300,4,2,12,3,3,97058.9534209668,3.09090495442323e-05,0.00409384943456994,0.00755116494870156,0.195339506434231
300,4,3,1,1,1,94620.9222958882,1.05684871351487e-05,0.000399497988040306,0.0264544189245891,0.344932792227656
300,4,3,2,5,2,99487.8937064935,5.02573711606647e-05,0.0011056328264013,0.0181833212730366,0.177397907918322
300,4,3,3,4,3,82874.2717366109,4.82658841662309e-05,0.000697217132421863,0.0519210812307564,0.343777281481441
300,4,3,4,7,7,93211.5597994516,7.50979815707492e-05,0.00230449509637932,0.0325876074497787,0.233922406519599
300,4,3,5,12,12,85674.3135378887,0.000140065318348808,0.00195696461026719,0.0715727395446794,0.384410129653908
300,4,3,6,14,14,97047.5033434274,0.000144259249518841,0.00182881395395234,0.0788823612498889,0.2901606303869
300,4,3,7,11,10,83083.2391730422,0.000132397341623738,0.00145675976646248,0.0827203298791672,0.422923613666034
300,4,3,8,15,13,98422.4440901311,0.000152404262449159,0.00258854664810362,0.0517731242765443,0.230825689456399
300,4,3,9,9,6,94971.0290601327,9.47657416063321e-05,0.00142349127717997,0.0479955950669025,0.288981987264875
300,4,3,10,11,11,103247.987554155,0.000106539606829918,0.00191671387850081,0.0556681057797271,0.36668687639477
300,4,3,11,15,15,85371.0162917175,0.000175703659761343,0.00205775687446085,0.085387204586272,0.333304324781352
300,4,3,12,14,12,98459.5058560677,0.000142190435329483,0.00222899081127943,0.055051661852319,0.289922706202129
300,7,1,1,39,38,98966.1276043207,0.000394074224626905,0.00324301394107066,0.127963028707339,0.621509240528717
300,7,1,2,24,20,96080.6978603691,0.000249790025826815,0.00328877826638488,0.063344250929264,0.487642522671843
300,7,1,3,48,42,88517.1451928171,0.000542267827271672,0.00305977906034313,0.179895490968745,0.823339746217964
300,7,1,4,29,25,88731.9149942761,0.000326827162491317,0.00269137830061481,0.116647783843169,0.624953624694973
300,7,1,5,27,27,92572.8926492108,0.000291662053840231,0.00411580657646263,0.0714836529970876,0.565064659731441
300,7,1,6,70,57,97097.173374603,0.000720927268705738,0.0034366719065414,0.22162564095592,0.690765651735284
300,7,1,7,39,37,96891.4411676262,0.000402512332668563,0.00301289002837976,0.136524891449365,0.542232863738461
300,7,1,8,18,18,95011.5199693233,0.000189450710880236,0.00274022318876905,0.0696008122695452,0.675347225314908
300,7,2,1,37,18,99125.455798999,0.000373264361830795,0.00343442646402559,0.0545927795555956,0.248136609035543
300,7,2,2,35,26,90364.8526658927,0.000387318730318811,0.00468611371955004,0.066186864430586,0.455437900669277
300,7,2,3,30,20,97227.1795805722,0.000308555695325287,0.0040397098679452,0.0523397104851738,0.402832816359228
300,7,2,4,52,42,82464.4900314498,0.000630574444590254,0.00345073885321079,0.183099302586733,0.5305719582182
300,7,2,5,17,4,99154.3944843293,0.000171449788871301,0.00627787007940309,0.00642797382113713,0.159329394476508
300,7,2,6,28,11,91953.3326424141,0.000304502286055098,0.00533316081118986,0.0395442107611138,0.205058945392663
300,7,2,7,35,24,95173.1421575953,0.000367750808752791,0.00317421818204378,0.0908541945836143,0.428692810816309
300,7,2,8,33,26,85275.1979213814,0.000386982391180423,0.00327085170675932,0.0935135296043819,0.536280939597308
300,7,2,9,10,1,93278.3182735588,0.000107206049434477,0.0062450277026402,0.00171775107413874,0.140187194793294
300,7,2,10,7,2,92487.3275411949,7.56860446300832e-05,0.00745526774191037,0.00290167568202548,0.172331036678661
300,7,2,11,11,3,92733.8648323604,0.000118619018196699,0.00249917324151504,0.0164823312868656,0.203869806416668
300,7,2,12,21,14,89524.4123203502,0.000234572888620084,0.00360182135890518,0.0453977835319898,0.224691352911875
300,7,3,1,116,72,83902.7171137833,0.00138255355714748,0.00341280728084632,0.439373896373145,0.941611342842178
300,7,3,2,110,84,94390.3917406973,0.00116537285174305,0.00388320048803688,0.334742284566551,0.941445046948584
300,7,3,3,81,68,86417.2000641285,0.000937313404506181,0.00409865844595936,0.239657350340476,0.90551866282
300,7,3,4,53,49,87143.761953706,0.00060819040642468,0.00391563821871505,0.163742615099572,0.875512818242257
300,7,3,5,78,69,90502.8032877851,0.000861851756701634,0.00414409463140032,0.223403336216927,0.908234530777865
300,7,3,6,55,50,87958.2627107013,0.000625296570271033,0.00352983669757059,0.187549859095742,0.856299446983224
300,7,3,7,37,34,90730.7741392318,0.000407799893156662,0.00286421190180297,0.14384987476133,0.795590865596455
300,7,3,8,48,46,92516.1565490924,0.000518828297569079,0.00393243204668499,0.139471350359355,0.836665883285917
300,7,3,9,38,36,94831.4061762578,0.000400711130755264,0.00290634613199625,0.140547567342988,0.7816657996402
300,10,1,1,138,82,89161.4882794773,0.00154775343775597,0.00373337261666171,0.454416759107195,0.886958364212507
300,10,1,2,136,77,96106.9172155093,0.00141509065049953,0.00341853281263163,0.430440841934874,0.88032912217706
300,10,1,3,231,71,92879.7912949705,0.00248708569193898,0.00318542761779463,0.890394125023643,0.829268338905498
300,10,1,4,170,86,99269.6630909374,0.00171250707121136,0.00374565856649189,0.506367221264647,0.925357899344477
300,10,1,5,201,83,107179.675699694,0.00187535555307314,0.003423289198542,0.556162545796656,0.93434750727159
300,10,1,6,212,91,93431.4896941614,0.00226904227572482,0.0040168682723271,0.72132025927842,0.941083120057099
300,10,1,7,90,68,81998.2435756808,0.00109758448565955,0.00343929786129819,0.352247678018576,0.939587126791124
300,10,1,8,149,80,98941.3654791973,0.00150594242638917,0.00347454475829283,0.473849286500156,0.943834260431443
300,10,1,9,166,83,87710.3986191721,0.00189259201432605,0.00384181367666602,0.599496151673165,0.988385330606669
300,10,2,1,66,53,95874.2629927237,0.000688401641272685,0.00306187203911044,0.218089613448796,0.866203298218644
300,10,2,2,47,45,90150.102054456,0.000521352709857269,0.00346835239874175,0.160995929144129,0.754647106490653
300,10,2,3,47,42,92538.774003203,0.000507895209400259,0.00332450284240016,0.144793629299778,0.737382657221538
300,10,2,4,91,77,95110.3307106838,0.000956783551482047,0.00389940977651185,0.271915748205517,0.907417489958686
300,10,2,5,98,74,100457.653592505,0.00097553542707185,0.00354619352701854,0.296856299530972,0.908216911065767
300,10,2,6,74,65,94580.3609406497,0.000782403442575524,0.00377087669261534,0.214304886611796,0.786440938535798
300,10,2,7,92,73,84563.6378029417,0.0010879380593156,0.0039297903030565,0.286842547672799,0.917491550594881
300,10,2,8,77,65,88911.3396048209,0.000866031266003161,0.00375589726740498,0.240557348028438,0.904383041814538
300,10,2,9,47,42,84081.0901219297,0.000558984189332503,0.0029136737027456,0.191158781074579,0.831902061802965
300,10,3,1,140,94,95792.2490131227,0.00146149611729882,0.00414258386768165,0.42151230893666,0.871844957214628
300,10,3,2,128,100,92256.5207983579,0.00138743580282813,0.00453339556512821,0.361896270858099,0.878343847561836
300,10,3,3,122,83,85386.3284293031,0.00142880016326047,0.00399464365903608,0.392586672755642,0.966725632488896
300,10,3,4,109,86,107014.497438595,0.00101855358487802,0.00378364006293258,0.294764070510783,0.8833505605724
300,10,3,5,101,77,96018.5949216987,0.00105187958730664,0.00370185785374762,0.287354267487901,0.875053860765366
300,10,3,6,116,77,93161.2951569999,0.00124515228995594,0.00348063609534785,0.363475142517685,0.944279332822639
300,10,3,7,111,84,100929.255214579,0.00109978023481903,0.00380402457257264,0.310224996403156,0.849648856837309
300,10,3,8,126,75,87035.9422852109,0.00144767778335882,0.00364578788567554,0.391293289418265,0.943982192355877
300,10,3,9,142,74,92854.7279528764,0.0015292705404518,0.00327997128251492,0.519810019783227,0.908317373594075
300,14,1,1,282,79,107514.76761121,0.00262289549859565,0.00328089437873026,0.991307000584634,0.61981011836146
300,14,1,2,250,71,93874.4502006441,0.00266313144274782,0.00315207459586365,0.999991346262018,1
300,14,1,3,232,77,105608.959566948,0.00219678331224283,0.00322450028082496,0.934489406402792,0.655099333389011
300,14,1,4,294,65,95739.5384545309,0.00307083159941937,0.00285201585577254,0.999998939355531,1
300,14,1,5,275,66,86627.9522437718,0.00317449498547706,0.00305742833369588,1,NaN
300,14,1,6,243,75,90252.216678327,0.00269245464481044,0.00340294021143766,1,NaN
300,14,1,7,261,69,100354.278787622,0.00260078596700744,0.00298417920125683,1,NaN
300,14,1,8,273,79,99331.5113844999,0.00274837255765948,0.00340399179939293,0.999998977709989,1
300,14,1,9,248,72,102881.749067975,0.00241053444606723,0.00306559288433837,0.998399065101396,0.773956175231408
300,14,2,1,184,64,71924.4131433994,0.0025582412418597,0.00326913849564273,1,NaN
300,14,2,2,189,73,89978.553277107,0.00210050054281198,0.00329314574944372,0.741667870459819,0.971429205871232
300,14,2,3,212,70,79199.055817963,0.00267679958820818,0.00340994288630304,1,NaN
300,14,2,4,199,73,85033.2707040498,0.00234026044573306,0.00341856745151703,1,NaN
300,14,2,5,146,81,99516.1450716004,0.001467098629021,0.003474865531134,0.524417047954515,0.98977142938346
300,14,2,6,209,66,86259.4367629752,0.00242292330953068,0.00307847726689699,0.978473459114758,0.506567074694432
300,14,2,7,171,74,80181.4103069108,0.00213266390981978,0.00357949416820066,0.889018348345002,0.893285452527127
300,14,2,8,112,74,97744.0685586143,0.00114584958096804,0.00318866757851963,0.437006070264638,0.982786644159426
300,14,2,9,211,64,89487.2744867898,0.00235787715303753,0.00291071542315135,0.987894468085106,0.0984845355912467
300,14,3,1,254,80,87151.4043992481,0.00291446823778541,0.00366593196577227,1,NaN
300,14,3,2,292,95,95158.7179781193,0.00306855752372728,0.00415747577146062,0.997579764784724,0.432896349913214
300,14,3,3,253,77,84865.3993356172,0.00298119141582615,0.00365656512192389,0.997620053294533,0.51058365397062
300,14,3,4,260,81,94766.1408825259,0.00274359594659765,0.00357469212323874,1,NaN
300,14,3,5,293,80,102852.660393772,0.00284873525758349,0.00336761467573035,0.992419537807037,0.0441268728106114
300,14,3,6,287,83,92861.3397549678,0.00309062954246949,0.00383303016707249,0.975854998769786,0.755660745099547
300,14,3,7,268,78,88729.4302827246,0.0030204183566383,0.00357968059693329,1,NaN
300,14,3,8,306,93,90717.600731411,0.00337310508140508,0.00419490702284661,1,NaN
300,14,3,9,263,91,87788.0982402647,0.00299585029487942,0.00423388924034257,0.998823617866665,0.937667186342994
300,18,1,1,272,72,92471.1716482857,0.00294145726880754,0.00317372180666719,1,NaN
300,18,1,2,287,79,83417.8347844746,0.00344051126166865,0.00367933006646829,1,NaN
300,18,1,3,302,81,92184.710279963,0.00327603134058601,0.00360504992675684,0.992881786096681,0.409293198273143
300,18,1,4,254,69,94545.8587153546,0.00268652697697429,0.00301701335344531,0.999995703839908,1
300,18,1,5,326,81,88114.2374160084,0.00369974262457582,0.00366990148326658,1,NaN
300,18,1,6,301,73,95308.977177937,0.00315814951447908,0.00319213945212368,1,NaN
300,18,1,7,258,76,93399.8101499912,0.00276231824867392,0.00334840601627125,1,NaN
300,18,1,8,267,66,90588.4065897705,0.00294739702409282,0.00295539975376001,1,NaN
300,18,1,9,241,60,91977.5563659685,0.00262020442292561,0.00267652820096256,1,NaN
300,18,2,1,288,77,86100.8937831104,0.00334491301246508,0.00358877466177212,1,NaN
300,18,2,2,385,107,101290.778778187,0.00380093829511468,0.00454433207785839,1,NaN
300,18,2,3,297,93,89172.8684389676,0.00333060946899196,0.00421327500100827,1,NaN
300,18,2,4,334,88,89183.5307865434,0.0037450860832076,0.00402075283251539,1,NaN
300,18,2,5,391,102,101332.006522147,0.00385860315432068,0.00431977750816159,0.999683332147499,1
300,18,2,6,331,92,93584.7447735249,0.00353690124176777,0.00409428624775118,0.996930331880061,0.550813133683734
300,18,2,7,306,83,94892.9640479995,0.00322468586654345,0.00361877658987921,1,NaN
300,18,2,8,331,97,98739.1266840318,0.00335226785081065,0.00417705812338516,1,NaN
300,18,2,9,310,82,93632.3699260304,0.00331082082238119,0.00362999637920287,1,NaN
300,18,3,1,287,71,95296.2549546336,0.00301166084791714,0.00311707225464879,1,NaN
300,18,3,2,345,79,101960.719289244,0.00338365600404698,0.00333819277700832,1,NaN
300,18,3,3,274,70,96048.2031246442,0.00285273426348667,0.00305176894337726,1,NaN
300,18,3,4,306,77,84702.6710329579,0.00361263696018435,0.00358492892642978,1,NaN
300,18,3,5,379,94,94122.2815861675,0.00402667671897681,0.00413338811147872,1,NaN
300,18,3,6,295,77,88173.6150436439,0.00334567205681634,0.00351166343258066,1,NaN
300,18,3,7,258,69,90853.71876425,0.00283972966114316,0.00311239503219373,1,NaN
300,18,3,8,320,79,101065.48970561,0.00316626378531502,0.00335392247365846,1,NaN
300,18,3,9,280,75,91420.5485664106,0.00306276875812662,0.00335410891024517,1,NaN
300,28,1,1,356,94,91816.6795535251,0.00387729116028932,0.00421672315566167,1,NaN
300,28,1,2,401,94,93167.4445176929,0.00430407855529244,0.00420349198259957,1,NaN
300,28,1,3,397,83,100551.870032223,0.00394821100664538,0.00355517648669255,1,NaN
300,28,1,4,345,83,91477.9220794261,0.00377140180010267,0.0037366385013578,0.999997779879492,1
300,28,1,5,357,78,86073.3390326734,0.00414762578066691,0.0036204633708974,1,NaN
300,28,1,6,351,76,88725.3145103615,0.00395602993279905,0.0034479816610563,1,NaN
300,28,1,7,344,79,95368.7588233034,0.0036070512424027,0.00347568277643408,0.999998935227776,1
300,28,1,8,357,86,91182.7278416547,0.00391521517781258,0.00382929837590132,1,NaN
300,28,1,9,367,84,103685.579759649,0.00353954716606429,0.00348673847248096,1,NaN
300,28,2,1,305,75,93471.8445875406,0.00326301466870437,0.00340098983431086,1,NaN
300,28,2,2,335,75,94797.3284220422,0.00353385486253963,0.00336304895070465,1,NaN
300,28,2,3,253,67,95853.714565482,0.00263943866074344,0.00293922647956657,0.97661506386522,0.845021757331033
300,28,2,4,331,89,92543.0005950343,0.00357671566592537,0.00393705502886794,1,NaN
300,28,2,5,332,75,87546.7196155548,0.00379226088033814,0.00343391120844857,1,NaN
300,28,2,6,296,78,87806.8812323473,0.00337103420421856,0.003600023118455,0.979936347719088,0.377371967910388
300,28,2,7,292,72,95128.3693551974,0.0030695364798035,0.00314216662836418,1,NaN
300,28,2,8,257,77,90800.7707514318,0.00283037245029054,0.00344914943284404,0.856196899732828,0.70618170019441
300,28,2,9,289,70,100300.223884807,0.00288134950059444,0.00299347638088866,0.994075297981531,0.578056275964451
300,28,3,1,366,88,103939.3183886,0.00352128535836292,0.00364278228911113,1,NaN
300,28,3,2,402,85,100112.76491904,0.0040154719562994,0.00361607565101395,1,NaN
300,28,3,3,316,67,95833.6214536243,0.00329738139086102,0.00291469835562733,1,NaN
300,28,3,4,360,88,97865.2499138183,0.00367852736611843,0.00376910241885492,1,NaN
300,28,3,5,395,86,91155.8088556689,0.00433324003109249,0.00384154860337129,1,NaN
300,28,3,6,353,85,95582.9046710873,0.00369312902986907,0.00371282469327554,1,NaN
300,28,3,7,382,79,108725.07425907,0.00351344896844837,0.00320934226398454,1,NaN
300,28,3,8,366,82,96842.9875202174,0.00377931339554753,0.00354327863588552,1,NaN
300,28,3,9,357,87,101949.831469416,0.00350172231630512,0.00365811256826145,1,NaN
400,4,1,1,11,5,155284.123916803,7.08378920042946e-05,0.0025431905353324,0.0267752470683619,0.148787059518403
400,4,1,2,7,4,163507.171303678,4.28115778909724e-05,0.00244247199137887,0.0117788709322875,0.0667499398091288
400,4,1,3,22,12,161076.736954837,0.00013658086459852,0.00198470587669097,0.0852259834300669,0.115267145126466
400,4,1,4,2,2,155156.90634478,1.28901770930888e-05,0.00222985472158372,0.00578268818766348,0.0856241965118343
400,4,1,5,3,2,163034.445832536,1.84010193961189e-05,0.00196631429531549,0.00623999701077993,0.0599856261167679
400,4,1,6,11,9,158277.036596858,6.9498394944162e-05,0.00416812031537677,0.0138282251799813,0.164435855529112
400,4,1,7,2,2,158782.150260718,1.25958742636753e-05,0.000861967208264587,0.0146148573299366,0.298904207290315
400,4,1,8,14,14,163935.426466324,8.53994789398123e-05,0.00263188571295798,0.0340514689306126,0.258575320302421
400,4,1,9,6,3,164842.19433204,3.63984477658327e-05,0.000620973980533088,0.0320397887378162,0.218582910824376
400,4,2,1,5,5,157329.168601094,3.17805022708627e-05,0.00192646109820447,0.0165123180937913,0.232119115922323
400,4,2,2,9,8,156314.91527606,5.75760795705613e-05,0.00173952232820872,0.0309195455304192,0.210037734509737
400,4,2,3,2,0,161324.859678173,1.23973453563809e-05,0,0.0111221803576745,0.118892909553114
400,4,2,4,11,6,159776.77812661,6.88460496511164e-05,0.00106751556751082,0.0888438298853876,0.315670876413644
400,4,2,5,17,17,162569.883554538,0.000104570413832504,0.00224313602889999,0.0561461358313817,0.324728335047518
400,4,2,6,3,3,167635.769256159,1.78959419777279e-05,0.00149879943741819,0.0119619876364733,0.0907135883656393
400,4,2,7,1,0,168680.886746438,5.92835394269182e-06,0,0.00287521494895093,0.106645109297072
400,4,2,8,6,1,163065.740735665,3.67949758970292e-05,0.000528781355177959,0.0316299885314676,0.13193091026641
400,4,2,9,6,5,159890.995843393,3.75255652662065e-05,0.000944064170427083,0.0379074002580542,0.324942278010453
400,4,2,10,0,0,162316.777094146,0,0,0.00277840847608468,0.10416055951064
400,4,2,11,9,5,163839.679984587,5.49317479187378e-05,0.00121660206310522,0.0355152603520851,0.126057587561005
400,4,2,12,12,8,162247.63730292,7.39610153927586e-05,0.000716335294756352,0.108623745053427,0.268289912627384
400,4,3,1,2,2,156872.774612266,1.27491848406665e-05,0.014069900217993,0.000907426333098038,0.0918198263125825
400,4,3,2,2,1,164723.881159065,1.21415303350503e-05,0.000649922802731628,0.0110734155430936,0.100976707494723
400,4,3,3,7,5,167539.821527237,4.17811117153543e-05,0.000816498387766538,0.0365562321524669,0.214716432415669
400,4,3,4,3,2,160946.110434374,1.86397794386169e-05,0.00508857150741157,0.00244330651983693,0.126983156344704
400,4,3,5,6,5,162374.89506194,3.69515250353895e-05,0.00246753774429901,0.0124885959959204,0.212815549808309
400,4,3,6,7,7,159212.927262646,4.39662791228783e-05,0.000977256454110956,0.0453000713612915,0.232731459114494
400,4,3,7,3,3,156915.215770191,1.9118604816461e-05,0.00214792021356392,0.00890227875818461,0.170081611761017
400,4,3,8,6,3,158809.939330098,3.77810105923443e-05,0.00199465270085636,0.00947185232733294,0.149816985651652
400,4,3,9,11,11,163926.332605232,6.71033129649173e-05,0.00180194321105976,0.0372412742281042,0.219221738854976
400,7,1,1,214,156,159022.971832474,0.00134571752454383,0.00567820344991526,0.266119866888349,0.926238471506729
400,7,1,2,185,129,162595.953627173,0.00113778969201287,0.00437717565715743,0.313406944199866,0.939078862408282
400,7,1,3,135,106,158897.577330728,0.000849603891184649,0.00507491027987246,0.166554736866992,0.867568394364174
400,7,1,4,215,109,160887.948519176,0.00133633377750711,0.00370560369433747,0.35824437135075,0.935059427416701
400,7,1,5,132,87,165519.21929501,0.000797490470062769,0.00305778564518062,0.28252989691354,0.93111337356187
400,7,1,6,146,96,164245.678213711,0.000888912278166794,0.00356442571754542,0.266573197283453,0.908666417697964
400,7,1,7,173,115,163100.374586425,0.00106069652162773,0.00416683682287179,0.263259464554067,0.922059020744952
400,7,1,8,155,116,166313.316783397,0.000931975881413445,0.00402010744585504,0.261419066841025,0.90738025049493
400,7,1,9,131,99,168685.151245579,0.000776594733043722,0.00412379622765088,0.196240924636715,0.839150316470821
400,7,3,1,121,85,172048.968111435,0.000703288147137441,0.00297513178890962,0.249963853409494,0.885200179526708
400,7,3,2,113,89,170286.432009137,0.000663587807124507,0.00346689918439201,0.203269275488483,0.865104012444119
400,7,3,3,127,92,165855.368120643,0.000765727401163286,0.00357538933340932,0.231048387837323,0.917044571396497
400,7,3,4,94,66,154276.585239496,0.000609295311106842,0.00275517564218228,0.218844174639393,0.899491124977966
400,7,3,5,106,77,162333.545017682,0.000652976561242805,0.00320891750136882,0.203656735695392,0.893410530781469
400,7,3,6,109,83,155655.625814495,0.000700263799844295,0.00350812697191862,0.2123776852814,0.882722077457383
400,7,3,7,132,91,163472.253606153,0.000807476480492048,0.00345646574160258,0.229296815315108,0.914608211244825
400,7,3,8,100,82,171333.048873155,0.000583658556581422,0.00345299784710725,0.183647043624714,0.860607383961026
400,7,3,9,126,91,161328.760337209,0.000781013873388945,0.00340621896745065,0.240149989898716,0.893135951750796
400,10,1,1,94,79,162700.927513075,0.00057774716737522,0.0031760067129507,0.200631791256768,0.830760264130444
400,10,1,2,105,80,160209.790777737,0.000655390656777455,0.00284054565372826,0.260770533870167,0.789156347789658
400,10,1,3,91,70,156963.13953465,0.000579753949046818,0.00281801364293212,0.211109652070583,0.828137224082244
400,10,1,4,92,80,156555.175915225,0.000587652241212504,0.00379046887662207,0.173853799762501,0.763806013132327
400,10,1,5,118,86,159898.284460068,0.000737969143311656,0.00345522480612985,0.223372120711825,0.73436014356357
400,10,1,6,105,80,159031.996356302,0.000660244494225888,0.00306770879250898,0.238890169336133,0.878251471873304
400,10,1,7,75,67,165105.963414845,0.000454253731656894,0.00291750103880364,0.169479403363231,0.667764623875177
400,10,1,8,82,71,165616.577910138,0.000495119516625276,0.00309214502710389,0.177873933877083,0.73771195413459
400,10,1,9,84,69,160996.171622049,0.000521751537031554,0.00312360810211844,0.17847894664482,0.800190198082917
400,10,2,1,64,50,156168.370896025,0.00040981409764856,0.00340629585935113,0.10815390036708,0.715307024088179
400,10,2,2,71,60,156740.21165453,0.00045297884474273,0.00333151278524634,0.139404347167034,0.771612285479737
400,10,2,3,84,63,156785.597453367,0.00053576349718592,0.00318015699079531,0.169082319570771,0.871481264125578
400,10,2,4,70,62,156720.615548992,0.000446654703050969,0.00336565912336583,0.137310377220972,0.690984404580168
400,10,2,5,108,81,155340.359286364,0.000695247522898453,0.00336933388576585,0.232502642276024,0.870491912029351
400,10,2,6,104,77,158792.92909322,0.000654941001428007,0.00299782177703233,0.228216006419704,0.838169229319209
400,10,2,7,103,84,158016.19226748,0.000651831932677177,0.00346957902683248,0.208231140183193,0.83274954480632
400,10,2,8,148,97,159713.946053519,0.000926656711308145,0.00339438505519896,0.301801137440035,0.881574847693509
400,10,2,9,169,82,162528.474786787,0.00103981779329255,0.00283732126135117,0.390903252649111,0.914514429134137
400,10,3,1,139,103,159927.322377424,0.000869144796109099,0.00391065858042307,0.236656787978983,0.907749811980015
400,10,3,2,147,106,166454.854221794,0.000883122337808959,0.00382965559650476,0.250439033376296,0.886230149940871
400,10,3,3,137,105,154605.306026967,0.000886127413868343,0.0039300823734358,0.259834556167629,0.927867713674569
400,10,3,4,186,100,159454.985303585,0.00116647340718684,0.00339618368197749,0.362788896982787,0.967490904200052
400,10,3,5,183,129,170629.432637717,0.00107249961024338,0.00438767361282633,0.288784608500267,0.904035013172487
400,10,3,6,158,110,162340.891720119,0.00097326063893007,0.00376003491045282,0.271823571389705,0.908585585279232
400,10,3,7,181,116,158936.247102759,0.00113882140354664,0.003964604852184,0.351017378255428,0.939597498016804
400,10,3,8,167,118,162377.444030218,0.00102846796854939,0.00407887734440045,0.296093329389791,0.915610861271943
400,10,3,9,177,110,159665.059552461,0.00110857065720032,0.00380616382474853,0.306186547113718,0.929350986048158
400,14,1,1,455,97,156036.687586993,0.00291598089549503,0.00328884421085235,1,NaN
400,14,1,2,471,130,158619.716714079,0.00296936603946283,0.0043396790989813,0.999663301818554,0.444972239067814
400,14,1,3,387,109,158563.974458152,0.00244065527067207,0.00361587060348154,0.999727217018072,0.728777648030817
400,14,1,4,475,110,158921.171646402,0.00298890320955391,0.00368005648477263,1,NaN
400,14,1,5,504,118,162260.731827965,0.00310611196142243,0.00391420460133269,1,NaN
400,14,1,6,450,113,160552.216453694,0.00280282645696011,0.00370692336120295,0.999998735188264,1
400,14,1,7,451,105,155077.189739079,0.00290822912614563,0.00363713147217639,1,NaN
400,14,1,8,484,106,163056.658137997,0.00296829338664836,0.00359983166661943,0.999632611404365,0.777965614839336
400,14,1,9,519,128,156449.423962843,0.00331736600144507,0.00436104174218163,0.996890687313213,0.808547701168893
400,14,2,1,374,129,158984.879325313,0.00235242497014276,0.00432256474934985,0.810768522368109,0.987019153699479
400,14,2,2,378,122,157973.19068771,0.00239281107354001,0.00406319296802909,0.835670198906199,0.766790843623
400,14,2,3,199,100,163734.556440772,0.00121538180043249,0.00331308700811343,0.434794822281009,0.967569370060018
400,14,2,4,251,105,161950.597251421,0.0015498553525575,0.00346249301439292,0.518175183946153,0.990899737611722
400,14,2,5,403,110,154766.734728707,0.00260391873425788,0.00372670946311217,1,NaN
400,14,2,6,284,107,154775.7712892,0.00183491251656788,0.0036271431167867,0.710110025925498,0.99731457252709
400,14,2,7,255,111,160912.306604279,0.0015847140929196,0.0037011825128795,0.533828115239342,0.992798722509194
400,14,2,8,275,107,161611.573931374,0.00170161080243408,0.00353732805160903,0.568938231179003,0.991138509518151
400,14,2,9,340,94,157190.157490882,0.00216298530027061,0.00315638020316916,0.985087333437975,0.656492951404407
400,14,3,1,37,29,159543.177538866,0.000231912141720924,0.00498800150810026,0.0384701054652001,0.525815337851722
400,14,3,2,76,60,159046.269001305,0.000477848367504783,0.00402543391461988,0.113595245239174,0.727957430164516
400,14,3,3,98,60,165748.340670156,0.000591257804474937,0.00337923566189097,0.137773073158062,0.721717769821666
400,14,3,4,73,54,159578.612986273,0.000457454784409484,0.0045261465890487,0.0941639895830748,0.62295867942738
400,14,3,5,67,52,151992.178145751,0.000440812157687163,0.00446860664384157,0.0830719694312788,0.590930195313228
400,14,3,6,113,80,153852.691435958,0.000734468789238157,0.00464151795975091,0.143571579887268,0.666622087744534
400,14,3,7,87,56,158766.136051748,0.000547975797380643,0.0040006827076194,0.126331562074119,0.583179073072958
400,14,3,8,86,55,157784.706153082,0.00054504648832418,0.00435329516344146,0.125244770769721,0.559636587798642
400,14,3,9,33,20,161466.946656393,0.000204376193910603,0.00456855690591426,0.0275726589996297,0.457015511545893
400,18,1,1,335,92,162858.208442218,0.00205700408474564,0.00307046970990477,1,NaN
400,18,1,2,363,92,162683.5696273,0.00223132551634818,0.0030359946720498,1,NaN
400,18,1,3,404,107,164454.021380637,0.0024566136881805,0.00352169550394692,0.999770943964003,0.558216327857622
400,18,1,4,383,97,160281.676716997,0.00238954325812455,0.00319754455020215,1,NaN
400,18,1,5,430,122,158667.181486751,0.00271007524032881,0.0040607975942045,1,NaN
400,18,1,6,443,112,159023.363441829,0.0027857541836112,0.00371036494329075,1,NaN
400,18,1,7,433,121,162276.620574861,0.00266828332058006,0.00401739739084762,1,NaN
400,18,1,8,458,120,159055.143644777,0.00287950448822244,0.00406039689804498,0.999999361641552,1
400,18,1,9,330,109,159151.702663956,0.00207349336812805,0.0036861929060635,0.690429603392475,0.994259024978864
400,18,2,1,398,87,155854.075076995,0.00255367079624566,0.00297076295498267,1,NaN
400,18,2,2,405,82,153622.556545588,0.00263633159808674,0.00280524255455945,1,NaN
400,18,2,3,406,86,160715.836922446,0.00252619783945695,0.00289361764728871,1,NaN
400,18,2,4,412,88,157485.120380867,0.00261612017061425,0.00298670542463749,1,NaN
400,18,2,5,463,105,165143.33701711,0.00280362507118305,0.0034638565240033,1,NaN
400,18,2,6,410,80,166877.541062811,0.00245689142702361,0.0026219942606734,0.934501934824406,0.938514329618857
400,18,2,7,382,77,158600.067373013,0.00240857400836767,0.00258828597086294,1,NaN
400,18,2,8,386,81,157721.085849381,0.00244735824586333,0.00270938957979372,0.986374864086614,-0.224396330276835
400,18,2,9,388,79,160215.374876705,0.00242174011263643,0.00263656325243569,1,NaN
400,28,1,1,528,112,163551.746939941,0.0032283360458014,0.00364131859871157,1,NaN
400,28,1,2,534,100,157924.61477843,0.00338136015559834,0.0033392516491791,1,NaN
400,28,1,3,466,104,159166.176137318,0.00292775771403822,0.00344879243338469,1,NaN
400,28,1,4,569,131,170274.028006994,0.00334167228355359,0.00420423634460353,1,NaN
400,28,1,5,600,118,156421.29800711,0.00383579479037905,0.00395568675314357,1,NaN
400,28,1,6,559,110,160387.532171508,0.00348530831811941,0.00365275458906584,1,NaN
400,28,1,7,500,116,166814.653043084,0.00299733860832274,0.00377805045364222,0.999900787552064,1
400,28,1,8,531,109,159232.478031933,0.00333474682152161,0.00365696917494244,1,NaN
400,28,1,9,512,104,157160.873811668,0.00325780830547906,0.0034712564055714,1,NaN
400,28,2,1,585,165,150736.890607118,0.00388093450544066,0.00564988699182969,1,NaN
400,28,2,2,570,126,143993.892444589,0.00395850122753883,0.00440287547551143,1,NaN
400,28,2,3,602,159,141356.740598127,0.00425872864253051,0.00561624650829378,1,NaN
400,28,2,4,542,124,151524.391077652,0.00357698187166607,0.00420099031507744,1,NaN
400,28,2,5,530,105,156316.914248053,0.00339054799379524,0.00352364256803281,1,NaN
400,28,2,6,578,126,148388.80707417,0.00389517249580082,0.00435155573583979,1,NaN
400,28,2,7,568,137,154324.50556661,0.00368055609777954,0.00464044300310412,1,NaN
400,28,2,8,560,119,157088.981496369,0.00356485855765094,0.0039760661859318,1,NaN
400,28,2,9,557,117,148812.306875948,0.00374296999820265,0.00402644174978137,1,NaN
400,28,3,1,446,84,166856.028430437,0.00267296305800505,0.00273586832246666,1,NaN
400,28,3,2,420,82,151851.304001132,0.00276586363721229,0.00280596358715705,1,NaN
400,28,3,3,449,91,164454.439941289,0.00273023945209564,0.00297008445626687,1,NaN
400,28,3,4,479,92,164823.719835384,0.00290613511500891,0.00300429578618932,1,NaN
400,28,3,5,452,80,150687.315904925,0.00299958889894347,0.00275909443163736,1,NaN
400,28,3,6,505,85,164423.47200956,0.00307133764922954,0.00277640768628642,1,NaN
400,28,3,7,482,91,168154.549344813,0.00286641070299933,0.00292354170411509,1,NaN
400,28,3,8,472,87,156335.765118124,0.00301914280230992,0.00290504323911939,1,NaN
400,28,3,9,457,75,164446.723341907,0.00277901554201134,0.00244808273503058,1,NaN
500,4,1,1,3,3,246901.506246745,1.21505941604175e-05,0.00265917699570213,0.00512936704498868,0.157564702830599
500,4,1,2,1,0,261447.896181857,3.82485387950655e-06,0,0.00345804427306318,0.119449244613816
500,4,1,3,5,2,248639.141745639,2.01094645231485e-05,0.00216545929253175,0.019451252228466,0.103522788643527
500,4,1,4,2,1,243257.497288155,8.22174042854213e-06,0.000417019839624061,0.011285537025034,0.184861618926698
500,4,1,5,0,0,250593.131392831,0,0,0.00165988720707877,0.0856754972628564
500,4,1,6,2,2,238985.340457426,8.36871414862491e-06,0.00187879667946222,0.0044806339075274,0.112687035338209
500,4,1,7,1,1,255625.015155387,3.91198020816597e-06,0.00133825972718488,0.00292993650811302,0.136886126170897
500,4,1,8,2,1,268197.922249278,7.45717932199746e-06,0.00276440965256264,0.00704978725337291,0.129452809799575
500,4,1,9,1,1,261809.637068947,3.8195691006464e-06,0.00255038622270344,0.00253575613929091,0.151044571811491
500,4,2,1,9,5,251727.723395382,3.57529154063971e-05,0.00110055422264876,0.0267895249367274,0.200947065924188
500,4,2,2,1,1,239559.269866226,4.17433230848641e-06,0.000244421920681585,0.0170800831834895,0.155202942368016
500,4,2,3,11,4,255896.489023364,4.29861310015694e-05,0.00178361044768143,0.0293380137436126,0.168854699781381
500,4,2,4,8,4,255583.829062617,3.13008848382189e-05,0.000688967655526013,0.03720448101813,0.0982988085791478
500,4,2,5,21,6,241926.508906479,8.68032200973804e-05,0.00131680941154791,0.096009375285947,0.107499822679493
500,4,2,6,4,3,259285.178711607,1.54270291108658e-05,0.00121913413744824,0.0100282841005132,0.155144530684331
500,4,2,7,6,3,255995.090134727,2.34379495202126e-05,0.000966667022864446,0.0153797454797304,0.14431391762729
500,4,2,8,8,5,246465.815683136,3.24588624098891e-05,0.00140980346794094,0.0260566362989136,0.0834169630141274
500,4,2,9,12,10,260872.849541839,4.59994208714136e-05,0.0020867433429948,0.0190139170179365,0.0784327449199687
500,4,3,1,5,4,253910.351909933,1.96919895639923e-05,0.00129358762395469,0.0134087971435519,0.128046599635649
500,4,3,2,5,4,256667.121190338,1.94804849830849e-05,0.00390745330195856,0.00481049977923698,0.0995390131300226
500,4,3,3,5,3,256810.60560883,1.94696009074327e-05,0.00188377718247677,0.00627162655411673,0.0924032601613722
500,4,3,4,4,2,241112.922805308,1.65897370968784e-05,0.00150244247223451,0.00643988305364418,0.100866677298663
500,4,3,5,0,0,240840.982767997,0,0,3.37304532016525e-06,0.120269259245228
500,4,3,6,3,2,241341.198086815,1.24305341308567e-05,0.00473222449988519,0.00206886105349069,0.130538840472452
500,4,3,7,2,0,258872.08981251,7.72582321040679e-06,0,0.000978696196225592,0.0997440332391903
500,4,3,8,1,1,254575.782479201,3.92810341290692e-06,0.00173101761017069,0.00227203738650283,0.105500360073112
500,4,3,9,3,2,259805.195489453,1.15471131912825e-05,0.00152796884162313,0.00503967365240321,0.175569423886308
500,7,1,1,12,10,252213.51919019,4.75787342349043e-05,0.00332425033225124,0.0119589908436397,0.224087599887599
500,7,1,2,10,8,247186.588791738,4.04552692315573e-05,0.00295495568336104,0.0110079803338545,0.318083034650181
500,7,1,3,36,31,243040.569455151,0.000148123418574541,0.00284962694587971,0.0517864715750155,0.441048568816718
500,7,1,4,63,52,237241.382154625,0.000265552322397696,0.0035521637445743,0.0713402753760654,0.419609819803827
500,7,1,5,23,22,255258.37431296,9.01047813295278e-05,0.00256473313430023,0.0345376161176073,0.301006900176204
500,7,1,6,23,23,253234.969838179,9.08247388372047e-05,0.00304106419492487,0.0302370241042074,0.265518938835022
500,7,1,7,36,26,246977.708785483,0.000145762142571613,0.00234586461062053,0.0492867089854069,0.575902263335221
500,7,1,8,77,51,236330.819677191,0.000325814466793523,0.00222217378091029,0.13080445437667,0.724269761767021
500,7,1,9,92,78,265518.170283751,0.00034649229430017,0.00310959207981752,0.118311859716326,0.579644917621351
500,7,1,10,88,73,254062.670825529,0.000346371230822932,0.00285155837277247,0.126670498347688,0.674636232253525
500,7,2,1,6,5,256455.548033036,2.33958674164737e-05,0.00575646361445013,0.00347953806746881,0.181121561294937
500,7,2,2,0,0,271453.960239976,0,0,7.48045543952358e-07,0.114127439684935
500,7,2,3,7,0,238740.194024779,2.93205759867711e-05,NaN,1.27582156539408e-06,0.120562279311859
500,7,2,4,11,3,249194.226632125,4.41422746773297e-05,0.00381361999651168,0.00881440650654275,0.122773455749124
500,7,2,5,4,1,245169.57891149,1.63152378764091e-05,0.00882554591785319,0.000494046798199976,0.10090922055193
500,7,2,6,8,2,262199.910261545,3.05110707018167e-05,0.00536162724241925,0.00157522513173347,0.100249289921707
500,7,2,7,29,12,226722.599992161,0.000127909612897006,0.00316918836627581,0.028065511869134,0.273465320233563
500,7,2,8,11,4,247136.315818564,4.45098485973858e-05,0.00465633340944293,0.00351379265295659,0.114065093381259
500,7,2,9,76,70,252512.225812507,0.000300975526058016,0.00300239357892425,0.112272227049409,0.602890008081656
500,7,2,10,84,72,266239.685946619,0.00031550517985828,0.00371982031982281,0.0825629786631999,0.571473741910248
500,7,3,1,70,34,249446.551211493,0.000280621237936662,0.00323602944497026,0.0526583129591816,0.28239948087615
500,7,3,2,97,65,263207.187744447,0.000368530969200503,0.00289802147059042,0.112784234461849,0.490018387876571
500,7,3,3,158,109,248544.181102188,0.000635701867166382,0.00339446524543329,0.188303006660362,0.796742700083617
500,7,3,4,71,53,229151.548948904,0.000309838621321437,0.00283151647190545,0.0936667471550318,0.66752599618551
500,7,3,5,92,72,251804.510908681,0.000365362795400295,0.00300589769920829,0.12110904943113,0.790452440224598
500,7,3,6,140,108,237834.627661587,0.000588644308764008,0.00348643012028839,0.180149664045625,0.842169617555657
500,7,3,7,49,43,242646.489872491,0.000201939867441516,0.00273432668892977,0.0699957112522097,0.495705775043445
500,7,3,8,90,73,263709.846881618,0.000341284184357371,0.00258078448962181,0.132393382563839,0.740761090991617
500,7,3,9,105,86,244279.548289253,0.000429835410845238,0.00281577595565439,0.157983175814402,0.771238194914708
500,10,1,1,88,68,239788.539379031,0.000366990016403159,0.0033521559223912,0.10271459455523,0.464787836106319
500,10,1,2,149,102,262306.260810421,0.000568038290583115,0.00531763744707658,0.104296418548105,0.386519765740049
500,10,1,3,118,66,244491.055807827,0.000482635242463633,0.00637122226986422,0.0738315482795049,0.30361413531881
500,10,1,4,111,88,224466.120893044,0.000494506696860906,0.00346730202646343,0.150794289761754,0.823636321941073
500,10,1,5,120,96,246602.000183394,0.000486614057918256,0.00364220406030126,0.141779775177279,0.798333393983738
500,10,1,6,99,86,227952.042167337,0.000434301877968371,0.00342800674387505,0.134710705888588,0.737525432420885
500,10,1,7,146,96,245194.737775269,0.000595445078979693,0.00328004052583614,0.180640352784075,0.848990207112585
500,10,1,8,119,95,263966.730955785,0.000450814386983991,0.0036035842852585,0.128178688078179,0.773769779087253
500,10,1,9,136,87,248901.073643606,0.000546401821451098,0.00344334186196852,0.133366590783662,0.743504840354173
500,10,2,1,134,106,250794.826833296,0.000534301291984266,0.00331056468638103,0.173948368433261,0.777895569634967
500,10,2,2,145,110,261713.931561916,0.000554040051038307,0.00333567688837014,0.180360480444041,0.838361445896793
500,10,2,3,235,137,237143.43313447,0.000990961448494953,0.00384292652610402,0.292159508719173,0.879609197962065
500,10,2,4,168,111,248840.842234582,0.00067513033025996,0.00318197492236457,0.223252918110133,0.874802748905099
500,10,2,5,306,129,256901.257139552,0.00119111912260428,0.00341569400762011,0.328663018464823,0.923023671060633
500,10,2,6,249,118,269079.192536335,0.000925378129958438,0.00304746609914714,0.303267483597307,0.914675164422597
500,10,3,1,136,105,247512.26860815,0.000549467712306856,0.00332051888559323,0.183967738084837,0.851974242411429
500,10,3,2,122,71,226846.420640891,0.000537808794405146,0.00241506924510359,0.281068633616127,0.715843379116441
500,10,3,3,109,89,247873.008690431,0.000439741303725935,0.0033469458251937,0.137726258012985,0.777496091621355
500,10,3,4,126,85,231780.630187386,0.000543617470960078,0.00324729436486536,0.169747241719024,0.88610908625622
500,10,3,5,179,127,262759.908162537,0.000681230257887269,0.00357830889638554,0.216114999609733,0.887790072971042
500,10,3,6,168,110,242396.521412591,0.000693079253039451,0.00316849098646168,0.230479377032275,0.873195216230082
500,10,3,7,147,103,260648.669977635,0.000563977556503984,0.0031382975991523,0.190624732196418,0.85401345720157
500,10,3,8,136,102,248474.377535731,0.000547340137638309,0.00316450019842782,0.194758819306224,0.879869775201614
500,10,3,9,137,108,269063.264911273,0.000509173929949811,0.00373480390584922,0.145598377695272,0.817224589221905
500,14,1,1,182,124,248181.196603924,0.000733335169990565,0.0044425244220835,0.161166198743377,0.843444924846548
500,14,1,2,180,126,244541.866186211,0.000736070280345926,0.00400657092332714,0.193053931196944,0.87271051767388
500,14,1,3,197,119,246466.205547292,0.000799298222498903,0.00346104622821662,0.223958507116296,0.894083773717799
500,14,1,4,188,118,248903.864514242,0.000755311695810343,0.00389806366142238,0.181208488962546,0.85478275102157
500,14,1,5,214,123,240461.300205384,0.000889956096125311,0.0033592474847886,0.275865956272686,0.903674288185999
500,14,1,6,166,117,249046.103590156,0.000666543252863649,0.00370237467389462,0.185302290086294,0.849279783307328
500,14,1,7,246,160,251822.862138514,0.000976877150513398,0.00453404333214927,0.233746902664857,0.908193595955882
500,14,1,8,223,146,245976.440163845,0.000906590890783928,0.00426797704830685,0.229075939016986,0.896993562993688
500,14,1,9,187,113,247490.509642151,0.000755584528353775,0.00355234455689299,0.192017347599322,0.798939854843248
500,14,2,1,190,129,254323.264702261,0.000747080689697954,0.00378218987094333,0.203756827383466,0.874891978148942
500,14,2,2,145,112,252215.161795387,0.000574905961115983,0.00398547935666267,0.151319004501208,0.82312623633001
500,14,2,3,82,67,254303.670025848,0.000322449141184888,0.00339720543110776,0.0971381667067898,0.750370401443763
500,14,2,4,145,110,240773.292146049,0.000602226263168945,0.00384835277993714,0.154860334535936,0.801432570744228
500,14,2,5,85,72,238286.291143989,0.000356713764740402,0.00292013461164311,0.125344478208185,0.746758094518304
500,14,2,6,39,38,232857.652036374,0.000167484296345597,0.00283964686027862,0.0611974931525604,0.606420599455857
500,14,2,7,156,126,249861.567035844,0.000624345720114774,0.00468156974978252,0.140166352436368,0.745469388199833
500,14,2,8,69,64,249301.443565548,0.000276773367266355,0.00375717639802729,0.0766810166306729,0.619054081107548
500,14,2,9,115,94,252800.870024522,0.00045490349771678,0.00434992304406372,0.0967328797573968,0.632211670199467
500,14,3,1,248,178,258120.243160947,0.000960792524301798,0.00484943495450111,0.226713588505906,0.902702311014054
500,14,3,2,252,154,244536.559573623,0.00103052075501263,0.00418466354224134,0.267999534997654,0.941351873207941
500,14,3,3,356,169,253689.509828851,0.00140329018823116,0.00439230947506071,0.362772001762486,0.980999843327708
500,14,3,4,173,124,261335.192444743,0.000661985086591732,0.00366663295462385,0.19503661545036,0.878205078691462
500,14,3,5,152,111,243084.522541574,0.000625296906651076,0.00334365045833177,0.206463048722627,0.893849333505852
500,14,3,6,224,129,256112.752723617,0.000874614784378695,0.00342809610815921,0.260685060042948,0.938010495556883
500,14,3,7,284,170,259834.117943356,0.0010930050381679,0.0045772696007078,0.254043250698931,0.865660259943271
500,14,3,8,216,136,243956.536670246,0.000885403617169584,0.00363566737917182,0.27392995979403,0.914651417091948
500,14,3,9,298,165,259776.755272183,0.00114713881805078,0.00425456907771154,0.318544182592723,0.946217717064798
500,18,1,1,369,145,259152.053319007,0.00142387449867423,0.00372657739572739,0.402135745769624,0.952262512686625
500,18,1,2,441,144,261689.509874666,0.00168520320211236,0.00364972776239887,0.588350383155438,0.974765160014845
500,18,1,3,282,152,260584.696437356,0.00108218173920199,0.00392860249586025,0.310730045483199,0.947486903727991
500,18,1,4,296,129,244301.439836601,0.0012116179102259,0.00342497823985185,0.373058308308516,0.975880737981103
500,18,1,5,254,126,251406.074528388,0.00101031767222203,0.00332010779084519,0.328488653838699,0.952589575067307
500,18,1,6,214,114,245913.886722407,0.000870223324319898,0.00304371649171016,0.303952670343825,0.942740484059478
500,18,1,7,265,162,255507.448212177,0.00103715176154059,0.00432740450458245,0.278644294624646,0.94350257641787
500,18,1,8,217,141,256050.10836862,0.000847490365782614,0.00383448662718003,0.23666751520025,0.921192915165253
500,18,1,9,261,161,256480.784586325,0.0010176200935324,0.00429254311060421,0.276040281208436,0.951454903071973
500,18,2,1,557,187,249970.995588381,0.00222825851730892,0.00486346686153315,0.67097270486783,0.966067349840161
500,18,2,2,200,136,247944.626851084,0.000806631716686164,0.00390159689264387,0.225954429778496,0.926635908414085
500,18,2,3,497,156,250058.003855722,0.00198753886033082,0.00411072461248746,0.597814193450944,0.994895224274267
500,18,2,4,670,173,243403.038959631,0.00275263613331928,0.00459564624219408,0.998289836792034,0.552060304806169
500,18,2,5,163,109,240890.053389934,0.000676657245520005,0.00316026227850293,0.240024782102938,0.912699441927192
500,18,2,6,315,135,240389.324364816,0.00131037433060861,0.00360866063859715,0.407917143209497,0.982420341573365
500,18,2,7,793,200,256616.823093502,0.00309021049532306,0.00513362975628923,0.998199465655529,0.0181258304186212
500,18,2,8,363,173,255587.140657826,0.00142025924725992,0.00446885416747167,0.393165520065813,0.958400805661268
500,18,2,9,193,127,254981.230109993,0.00075691845990681,0.00356539370251293,0.218731796041606,0.889505502820173
500,28,1,1,380,110,255363.783388075,0.00148807319095252,0.00298490692984198,0.408243835471568,0.981642995878101
500,28,1,2,709,101,268438.49697908,0.00264120090068621,0.00257582493839798,1,NaN
500,28,1,3,751,100,248242.59714176,0.00302526644760786,0.00267330259757524,1,NaN
500,28,1,4,448,111,234478.821646109,0.00191062031468305,0.00299674413294262,0.571043520580829,0.968266376268164
500,28,1,5,620,113,249750.776689941,0.0024824747623096,0.00295723175603383,0.910321384450341,0.967334441561048
500,28,1,6,681,105,231042.85258188,0.0029475051592806,0.00284044146248595,1,NaN
500,28,1,7,335,110,255054.736027276,0.00131344355810815,0.00286274805924705,0.41746872155125,0.983971064660697
500,28,1,8,584,115,269271.625311115,0.00216881373715203,0.00290425687048778,0.73734797664149,0.941956236983748
500,28,1,9,767,127,249116.133111639,0.00307888529907566,0.00330901976539167,1,NaN
500,28,2,1,908,182,246525.780183854,0.00368318477411503,0.00478434370552656,1,NaN
500,28,2,2,931,165,270658.988071159,0.00343975275543124,0.00414338218633044,1,NaN
500,28,2,3,909,192,253350.50838414,0.00358791464756699,0.00495516187746826,1,NaN
500,28,2,4,809,131,232133.960346254,0.00348505664054188,0.00358170098341647,1,NaN
500,28,2,5,817,141,258383.391357386,0.00316196794115903,0.00363756497917246,1,NaN
500,28,2,6,768,179,231643.586248764,0.00331543822316426,0.00488430452733286,1,NaN
500,28,2,7,838,181,241906.110994622,0.00346415390894623,0.00486602933887238,1,NaN
500,28,2,8,894,166,266014.03872659,0.00336072488609842,0.00427707883938597,1,NaN
500,28,2,9,815,152,240857.542945165,0.00338374289646203,0.00407501088562342,1,NaN
500,28,3,1,732,144,236488.352638502,0.00309528986029574,0.00391354874525635,1,NaN
500,28,3,2,453,125,245214.887464491,0.00184735928835315,0.0033197216200124,0.560497948057196,0.888958471625871
500,28,3,3,677,132,236372.510535999,0.00286412323694,0.00358177650664795,1,NaN
500,28,3,4,676,155,248413.99758708,0.00272126372332554,0.00408644074855501,1,NaN
500,28,3,5,513,174,266954.317962726,0.0019216771015917,0.00438664845314445,0.616576728428609,0.959074883817488
500,28,3,6,715,172,250657.232692082,0.0028525009724269,0.00447551241370976,1,NaN
500,28,3,7,604,94,242921.599636848,0.00248639890772555,0.00252092792618589,0.927446750176789,0.514505117914804
500,28,3,8,676,140,248305.668469314,0.00272245093785904,0.00370356852815857,1,NaN
500,28,3,9,718,129,235057.230572872,0.00305457525492885,0.00347928533642325,1,NaN
600,4,1,1,2,1,359351.753621048,5.56557740388568e-06,0.00103707368464087,0.00393907889458311,0.108862153047502
600,4,1,2,7,0,339185.412308312,2.06376800003331e-05,0,0.0122375838030255,0.121677599844925
600,4,1,3,7,3,350956.937026538,1.99454669832347e-05,0.00225111431173589,0.00573016254118486,0.127911663287743
600,4,1,4,2,0,358086.998207644,5.58523490104564e-06,0,0.00582869934866215,0.137046770663414
600,4,1,5,5,5,340821.432013483,1.46704389171225e-05,0.000845518880729196,0.0197260520432012,0.105085139515017
600,4,1,6,12,9,348757.675787127,3.44078448536413e-05,0.00181502226952626,0.0302392187947105,0.120562670340709
600,4,1,7,1,1,341933.499022508,2.92454527812783e-06,0.000553626678097965,0.00528519444860109,0.129805278997368
600,4,1,8,4,3,330220.044628288,1.21131350596921e-05,0.00152203850477244,0.00597071548669126,0.164786417390186
600,4,1,9,3,2,342610.241644578,8.7563056655854e-06,0.000541826004935174,0.0133636407275909,0.138522726734176
600,4,2,1,2,1,363681.313991101,5.49932020991581e-06,0.00781568189227069,0.00106046552146821,0.123188767807156
600,4,2,2,2,1,347917.626324154,5.74848713797732e-06,0.0022020928408455,0.00318602863981743,0.126756048489322
600,4,2,3,3,1,356978.570883258,8.40386579109557e-06,0.000993619128671282,0.00410105252857473,0.126878473347963
600,4,2,4,7,7,379362.03862202,1.84520307446326e-05,0.00396698591758229,0.00465782230947265,0.134866503329139
600,4,2,5,3,3,351950.320387538,8.52393029986919e-06,0.00660775610663905,0.00135029005269016,0.146891334734297
600,4,2,6,3,1,375520.758662569,7.9889058881448e-06,0.00148064338960473,0.00180122540655347,0.125812140321581
600,4,2,7,2,2,359905.429619413,5.55701535849272e-06,0.00263555712144014,0.00212512506129625,0.136674169357132
600,4,2,8,4,2,346310.357126782,1.15503331554581e-05,0.00194850795098161,0.00297386127825605,0.137745803536555
600,4,2,9,2,2,355475.386278211,5.626268589057e-06,0.00268331312922645,0.00209961846932971,0.138046289844333
600,4,3,1,0,0,349004.87874368,0,0,6.86662112195924e-05,0.134362344414456
600,4,3,2,3,0,355661.926176844,8.43497653023541e-06,0,0.0184795143317307,0.114920048042912
600,4,3,3,29,6,352187.836349924,8.23424235787246e-05,0.000797841625557893,0.101737441328666,0.116089744351772
600,4,3,4,7,0,338589.41284115,2.06740073213218e-05,0,0.00416153447736545,0.148049659953293
600,4,3,5,2,0,352665.813107065,5.67109123047553e-06,0,0.00205818193545115,0.154680350889894
600,4,3,6,4,2,336465.985611794,1.18882745093143e-05,0.000899256614396957,0.0124040422087524,0.123395565531441
600,4,3,7,0,0,340782.90677168,0,NaN,2.9797839536938e-06,0.134367258490763
600,4,3,8,2,0,359796.369275846,5.55869978350631e-06,0,0.00101264736728612,0.136967153385999
600,4,3,9,8,4,345900.416151941,2.3128043871696e-05,0.0015864291879599,0.0114665459507319,0.123113199733467
600,7,1,1,1,0,338148.816012744,2.95727783935908e-06,NaN,6.0046500016675e-07,0.12757557490551
600,7,1,2,33,8,354082.080177315,9.31987294682478e-05,0.00321447632471271,0.0124107791566577,0.12011404658329
600,7,1,3,10,1,352389.382789644,2.83776994665285e-05,0.00793711448670503,0.000358107888140169,0.111124106699093
600,7,1,4,3,0,360249.009351231,8.32757321221417e-06,NaN,5.63628278049677e-07,0.124100807500608
600,7,1,5,11,4,337647.189563246,3.25783845979252e-05,0.00186375763065297,0.0093535080616427,0.132298160178678
600,7,1,6,6,3,348416.574406369,1.72207651436295e-05,0.0268879683657896,0.000320814571799999,0.142220260755055
600,7,1,7,4,1,358804.63786833,1.1148127916529e-05,0.0769528052968823,3.7349213162452e-05,0.118943543796195
600,7,1,8,12,0,366557.157385954,3.27370500294583e-05,0,1.77257183278101e-05,0.114147109591949
600,7,1,9,6,0,377134.764782588,1.59094322780317e-05,NaN,5.38392500026852e-07,0.137930997715721
600,7,1,10,4,0,346941.948990671,1.15293063050947e-05,0,0.000466734009019754,0.144703764863494
600,7,2,1,55,44,366349.014789407,0.000150130061170265,0.00341232064238403,0.0418715369043546,0.647673376431673
600,7,2,2,56,45,346563.892893637,0.000161586365886035,0.00282227866672507,0.0500826229846274,0.462462494941029
600,7,2,3,111,91,365566.080868755,0.000303638673851284,0.00309864912423486,0.104070318503318,0.735576100755138
600,7,2,4,79,61,350372.87860019,0.000225474072980822,0.00305741183000767,0.0666816758605222,0.61339247923803
600,7,2,5,104,84,342473.083462533,0.000303673500260285,0.0031140791247956,0.1020776046984,0.704076406795407
600,7,2,6,53,43,359848.795252127,0.000147284083479745,0.00265918847676913,0.0565306186358407,0.459738519207666
600,7,2,7,94,63,359529.002481114,0.000261453177216038,0.00234661679269135,0.105632027044618,0.73267172439397
600,7,2,8,143,100,340175.347022425,0.000420371438588033,0.00286979149873781,0.154067526548368,0.822263454388999
600,7,2,9,70,50,356546.09733892,0.000196328049928031,0.00308209493688601,0.0647529559157466,0.437601059976355
600,7,3,1,53,39,355569.214730218,0.000149056773771073,0.00248516654492747,0.0480748580632632,0.509352330510332
600,7,3,2,84,70,371886.632428329,0.000225875287453869,0.00362535508637237,0.0558743941565976,0.462260960355984
600,7,3,3,64,50,348351.836779547,0.00018372229809858,0.00293947166548098,0.0544366175628227,0.40040293224806
600,7,3,4,77,67,338555.39495,0.00022743693099728,0.00281244614384268,0.0873296196894312,0.656158682629174
600,7,3,5,107,84,358636.105322777,0.000298352559633388,0.00242774899768126,0.122274094347241,0.617596516169622
600,7,3,6,108,84,341586.947554141,0.000316171331408622,0.00301151425999399,0.104769036578746,0.667072121846094
600,7,3,7,103,87,350922.776982925,0.000293511868581308,0.00288505655260323,0.110030866921523,0.705801890947881
600,7,3,8,87,74,365043.857464082,0.00023832752755896,0.00260482687001254,0.0965844604969757,0.662754090875816
600,10,1,1,271,175,356138.785928604,0.000760939304303485,0.00420350664359004,0.18863048800899,0.833594110579401
600,10,1,2,141,90,335781.05822133,0.000419916479943488,0.0030792744481355,0.126872755875889,0.706146468272455
600,10,1,3,91,60,363673.698045321,0.000250224309564063,0.0033860684075878,0.0701675419832236,0.496101399462054
600,10,1,4,173,106,367302.442344543,0.000471001496466281,0.00290131847702869,0.146688540507245,0.75698674502855
600,10,1,5,99,70,348392.962886758,0.000284161881972854,0.00305600542136931,0.0894400578275607,0.430107747395726
600,10,1,6,26,20,358935.665856783,7.24363791988676e-05,0.00282636411975635,0.0240466550032931,0.229323078599424
600,10,1,7,132,73,357300.776162716,0.000369436644995942,0.00385906766755809,0.100698229870187,0.521706575975252
600,10,1,8,22,18,338568.291284854,6.49795050697477e-05,0.00570572199815558,0.0110598268398528,0.204816789002762
600,10,1,9,1,0,354671.447041693,2.81951086940034e-06,NaN,1.1452395681788e-06,0.0827300704451244
600,10,2,1,230,145,357684.518284075,0.000643024755735535,0.00363504356099672,0.17625357321206,0.862074897533582
600,10,2,2,250,145,361533.211097419,0.000691499403999803,0.00327496739015865,0.22505569767873,0.917611614536718
600,10,2,3,182,99,349351.556595578,0.00052096518983223,0.00263224469865151,0.187749721683676,0.858106151624966
600,10,2,4,237,137,350953.037674157,0.000675304028056435,0.00338082782220025,0.192234254728088,0.870760204539484
600,10,2,5,213,119,354031.910688076,0.000601640681445989,0.00290261246991105,0.213631400223897,0.880374198172208
600,10,2,6,161,99,342820.223040753,0.000469633904826149,0.00259236315765613,0.179733122907479,0.797559909111731
600,10,2,7,243,165,364814.871360969,0.000666091267314489,0.00444471263267577,0.150476714833148,0.814548232910357
600,10,2,8,245,122,356980.398710246,0.000686312192168461,0.00313455162732653,0.20622439699874,0.822151555783678
600,10,2,9,172,93,352490.950991961,0.00048795578869746,0.00382458011766493,0.118359805095922,0.640434416163986
600,10,3,1,143,100,339097.906583909,0.00042170711533017,0.00283674377813693,0.155315837171266,0.848916228359098
600,10,3,2,162,113,352772.287536798,0.000459219745210574,0.003190232198184,0.151763719287582,0.848573555808777
600,10,3,3,236,153,346521.745292528,0.000681053940210224,0.0037040364181656,0.205297710567764,0.90811843398461
600,10,3,4,217,133,355009.642168737,0.000611251003421645,0.0033693402045433,0.18386212292535,0.876901985228081
600,10,3,5,279,159,341184.500183612,0.000817739375176344,0.0036171092345258,0.260602331197652,0.927248686854297
600,10,3,6,210,128,346302.558040947,0.000606406147237208,0.00338627940994229,0.185103642854232,0.920065747022934
600,10,3,7,229,143,354044.365472101,0.000646811592933105,0.00349076138370632,0.197392228932833,0.879287449928052
600,10,3,8,241,153,368054.380076555,0.000654794544083057,0.00368200959043983,0.202162552805319,0.894412807998242
600,10,3,9,223,124,339027.856003274,0.000657763060029635,0.00322090644043101,0.205606760189529,0.889633328642299
600,10,3,10,167,108,347393.621214985,0.00048072270128602,0.00311690485949084,0.156003385317122,0.864644965253762
600,14,2,1,530,169,334733.611811746,0.00158334861304001,0.00382313377440783,0.486998449206037,0.947268831318867
600,14,2,2,330,150,343426.350778882,0.000960904715819181,0.00336786062579892,0.323373585887557,0.928152598761972
600,14,2,3,444,148,350484.200051952,0.00126681887495695,0.00331257866100877,0.420749161809819,0.950647275455812
600,14,2,4,469,157,362050.689226671,0.00129539872165903,0.00338507289032926,0.441094209101506,0.952501315553562
600,14,2,5,200,120,341589.181564903,0.000585498636355376,0.00280356599395347,0.21456986677321,0.873595818726973
600,14,2,6,255,158,353358.35644331,0.000721647006078121,0.00350353056264073,0.264082754466651,0.827670901654583
600,14,3,1,253,146,362161.347210098,0.000698583661533678,0.00340682143300088,0.215356473032186,0.895900769111165
600,14,3,2,292,164,348088.040100406,0.000838868235506664,0.00373022941627783,0.255387470255961,0.93385996566359
600,14,3,3,467,170,346073.477438655,0.00134942441546327,0.00386794282468147,0.392378224807075,0.970352273549805
600,14,3,4,277,151,333860.914704626,0.000829686818072335,0.00358687878861222,0.255364868863492,0.922559692800714
600,18,1,1,316,196,372488.089053047,0.00084834927420994,0.00423592068759982,0.241990494995738,0.881499570316276
600,18,1,2,339,152,373259.228949739,0.000908215989605572,0.0032634280681344,0.31062659847591,0.945266630156404
600,18,1,3,348,180,356033.88896873,0.000977435044197616,0.00393303805501514,0.290433114973292,0.935976749218265
600,18,1,4,387,188,345688.997497093,0.0011195033767404,0.00431734941139137,0.318337719012226,0.975733028777241
600,18,1,5,925,156,350141.177854029,0.00264179153582909,0.00345264385973387,0.999997969899997,0.901801435694145
600,18,1,6,498,150,331180.011510885,0.00150371394012598,0.00341713810609109,0.559704922546614,0.986088508875511
600,18,1,7,633,220,358371.679685302,0.00176632260829276,0.00476751590568741,0.528098203594172,0.990321519562182
600,18,1,8,503,207,363411.100234833,0.00138410741904957,0.00447682434552939,0.429187559465014,0.982946347127448
600,18,1,9,788,170,351947.578647057,0.00223896980064247,0.00372405484098123,0.86639958798521,0.960612550154838
600,18,2,1,1047,224,376243.562690045,0.00278277186329573,0.00476313443688227,0.999258870611656,0.988294558792493
600,18,2,2,903,173,354776.95327723,0.00254526116101566,0.00378799549725553,1,NaN
600,18,2,3,905,176,368356.387694526,0.00245685979728552,0.00376009740041686,1,NaN
600,18,2,4,511,165,357015.025877058,0.00143131230609876,0.00358511189771877,0.515108660964026,0.968143366318666
600,18,2,5,842,159,337166.754169481,0.00249728061734331,0.00355009377540207,1,NaN
600,18,2,6,833,158,348681.861096673,0.00238899722910751,0.00347312465091931,1,NaN
600,18,2,7,437,217,364905.856526551,0.00119756915978191,0.0046445333827092,0.360176763354997,0.971220363776611
600,18,2,8,947,158,347471.12880957,0.00272540628985322,0.00348060646778482,1,NaN
600,18,2,9,947,233,362789.029783538,0.0026103325135411,0.00501503265344967,0.995973587179745,0.782211790540707
600,18,3,1,685,187,369498.170285836,0.00185386574301599,0.00399642133151796,0.592011386393436,0.969972747143929
600,18,3,2,319,179,354651.442490778,0.000899474700454079,0.00399856841743182,0.255202687341697,0.931657704743774
600,18,3,3,1085,227,363109.914965728,0.00298807593866559,0.00492908009734337,1,NaN
600,18,3,4,426,184,348789.093613252,0.00122136846535793,0.00415178328530194,0.383558999659659,0.971532443167353
600,18,3,5,259,136,343726.926772325,0.000753505122313429,0.00315437051104023,0.268150691001908,0.945393170388935
600,18,3,6,935,158,348388.596411178,0.00268378474390846,0.00352762217562376,1,NaN
600,18,3,7,359,219,367237.351394612,0.000977569407459971,0.00494618258437744,0.244962138441821,0.904954930794158
600,18,3,8,306,161,358722.72401278,0.000853026528615172,0.00363425929525384,0.272896423754075,0.929556216220396
600,18,3,9,393,156,368016.919604634,0.00106788568422943,0.00333589658830917,0.397529125514398,0.972629786445922
600,28,1,1,862,141,338007.859221404,0.00255023655954511,0.00320900682687228,1,NaN
600,28,1,2,957,143,351416.290269457,0.00272326590001333,0.00318814593203957,1,NaN
600,28,1,3,674,202,349131.912719288,0.00193050241311488,0.00447081153505911,0.549848800247341,0.976431343596318
600,28,1,4,925,163,360592.59102064,0.0025652218682082,0.00356234325725936,1,NaN
600,28,1,5,769,167,352861.796778466,0.00217932348307685,0.00371065194305918,0.729370761386377,0.985894229189018
600,28,1,6,985,243,371219.678669905,0.00265341536722755,0.00523532773071146,1,NaN
600,28,1,7,782,169,350261.103613575,0.00223262015659821,0.00377350700306802,1,NaN
600,28,1,8,635,114,344044.359392428,0.00184569222736682,0.00256862798472924,1,NaN
600,28,1,9,712,131,356926.579360068,0.00199480801143064,0.00288423855664307,1,NaN
600,28,2,1,957,181,364852.646452037,0.00262297672582678,0.00397743649258657,0.834593336285385,0.948317167128676
600,28,2,2,979,172,351227.617906005,0.00278736622659895,0.00383822964301668,1,NaN
600,28,2,3,975,172,367407.339304417,0.00265373033060768,0.00373923710261931,0.879308672220719,0.986214649366177
600,28,2,4,906,153,357205.119883722,0.00253635782234847,0.00340551125414062,0.871061242242735,0.911400312702894
600,28,2,5,926,143,342517.819220322,0.00270350897978933,0.0032301954852287,1,NaN
600,28,2,6,1039,175,348475.418193068,0.00298155894435101,0.00391312943852846,1,NaN
600,28,2,7,1042,186,373199.824572657,0.00279206990837462,0.00404454004891507,0.999792391233958,0.78348676652622
600,28,2,8,1040,187,357549.969908632,0.00290868434492041,0.00414267517486411,0.944503454351608,0.864259265132928
600,28,2,9,692,208,369781.686560732,0.00187137444916799,0.00455606496300203,0.498636421429397,0.996397037217161
600,28,3,1,933,142,356895.506301287,0.00261421055610707,0.0030961488140539,1,NaN
600,28,3,2,972,146,379868.448243406,0.00255878055809778,0.00309832784733932,1,NaN
600,28,3,3,858,223,361855.822560652,0.00237111011211154,0.00486515951661941,0.760986274891124,0.954999686751281
600,28,3,4,553,135,345875.131211952,0.00159884290628898,0.00300123370335769,0.578785676852818,0.981304425099585
600,28,3,5,852,117,362042.667097116,0.00235331378710525,0.0025736229331359,1,NaN
600,28,3,6,886,156,345206.654264371,0.00256657856693999,0.00347285899630103,1,NaN
600,28,3,7,727,154,328830.847648615,0.00221086313890132,0.00351921147078964,0.722692555570962,0.979768704093153
600,28,3,8,907,149,347549.826915961,0.00260969774621501,0.00333631069993974,1,NaN
600,28,3,9,1011,200,356663.778457693,0.00283460239324505,0.00440311247225568,0.999999715289441,1
